{
  "format": "manodiag",
  "version": 1,
  "saved_at": "2025-09-24T10:10:08.891237",
  "diagram": {
    "text": "sequence\n\nparticipant Client\nparticipant API as Backend API\nparticipant DB\n\nClient->API: POST /login\nAPI->DB: SELECT user\nDB-->API: Résultat\nAPI->Client: 200 OK (token)\nNote over API,DB: Cache possible\nClient->>API: Requête async"
  },
  "nodes": {
    "B": {
      "x": 81.77197751202718,
      "y": -235.0755146563245,
      "width": 247.0,
      "height": 60.0
    },
    "C": {
      "x": 453.7895377972821,
      "y": -148.05609003397518,
      "width": 261.0,
      "height": 60.0
    },
    "D": {
      "x": 111.38996671349105,
      "y": -33.60379444159789,
      "width": 268.0,
      "height": 60.0
    },
    "E": {
      "x": 509.27054848511716,
      "y": -20.988131687762674,
      "width": 160.0,
      "height": 60.0
    },
    "F": {
      "x": 765.077426033409,
      "y": -72.52936544450739,
      "width": 160.0,
      "height": 60.0
    },
    "G": {
      "x": 776.561062894949,
      "y": 65.87458991742218,
      "width": 160.0,
      "height": 60.0
    },
    "H": {
      "x": 515.4795753114382,
      "y": -544.8008748584372,
      "width": 160.0,
      "height": 60.0
    },
    "I": {
      "x": 780.8802172989807,
      "y": -302.55659682899216,
      "width": 160.0,
      "height": 60.0
    },
    "J": {
      "x": 58.17790029261667,
      "y": -480.6585283202661,
      "width": 160.0,
      "height": 60.0
    },
    "K": {
      "x": 272.2550906002265,
      "y": -558.3416619479049,
      "width": 160.0,
      "height": 60.0
    },
    "L": {
      "x": -94.78475348504331,
      "y": -142.12329175799573,
      "width": 252.0,
      "height": 51.0
    },
    "M": {
      "x": 726.528471828992,
      "y": -461.57297565118927,
      "width": 196.0,
      "height": 60.0
    },
    "A": {
      "x": 348.0636497019966,
      "y": -321.12511193204926,
      "width": 308.0,
      "height": 60.0
    },
    "Client": {
      "x": -71.40187948936409,
      "y": 0,
      "width": 140,
      "height": 42
    }
  },
  "edges": {
    "C|L||arrow": {
      "use_bezier": false,
      "control1": [
        627.2351427179275,
        -74.3525312992849
      ],
      "control2": [
        540.0855021009095,
        124.51224078452033
      ]
    }
  },
  "settings": {
    "show_grid": true,
    "antialiasing": true,
    "node_color": "#dcddff",
    "border_color": "#6464c8"
  }
}